Workbook

Sheet SalesData
A1: Product Name | B1: Quantity | C1: Unit Price
A2: Laptop | B2: 2 | C2: 1200.5
A3: Mouse | B3: 5 | C3: 25
A4: Keyboard | B4: 3 | C4: 75.99
A5: Monitor | B5: 1 | C5: 300
A6: Projector | B6: 1 | C6: 850
A7: Webcam | B7: 10 | C7: 45
A8: Headset | B8: 4 | C8: 99.99
A9: SSD | B9: 2 | C9: 180
A10: Router | B10: 1 | C10: 70

Sheet Raw Data
A1: Product Name | B1: Quantity | C1: Unit Price | D1: Total Revenue | E1: Status
A2: Laptop | B2: 2 | C2: 1200.5 | D2: =B2*C2 -> 2401 | E2: =IF(D2>1000,"High Value","Standard") -> High Value
A3: Mouse | B3: 5 | C3: 25 | D3: =B3*C3 -> 125 | E3: =IF(D3>1000,"High Value","Standard") -> Standard
A4: Keyboard | B4: 3 | C4: 75.99 | D4: =B4*C4 -> 227.97 | E4: =IF(D4>1000,"High Value","Standard") -> Standard
A5: Monitor | B5: 1 | C5: 300 | D5: =B5*C5 -> 300 | E5: =IF(D5>1000,"High Value","Standard") -> Standard
A6: Projector | B6: 1 | C6: 850 | D6: =B6*C6 -> 850 | E6: =IF(D6>1000,"High Value","Standard") -> Standard
A7: Webcam | B7: 10 | C7: 45 | D7: =B7*C7 -> 450 | E7: =IF(D7>1000,"High Value","Standard") -> Standard
A8: Headset | B8: 4 | C8: 99.99 | D8: =B8*C8 -> 399.96 | E8: =IF(D8>1000,"High Value","Standard") -> Standard
A9: SSD | B9: 2 | C9: 180 | D9: =B9*C9 -> 360 | E9: =IF(D9>1000,"High Value","Standard") -> Standard
A10: Router | B10: 1 | C10: 70 | D10: =B10*C10 -> 70 | E10: =IF(D10>1000,"High Value","Standard") -> Standard

Sheet Summary
A1: Metric | B1: Value
A2: Total Revenue | B2: =SUM('Raw Data'!$D$2:$D$10) -> 5183.93
A3: Total Units Sold | B3: =SUM('Raw Data'!$B$2:$B$10) -> 29
A4: Average Revenue per Product | B4: =AVERAGE('Raw Data'!$D$2:$D$10) -> 575.99222
A5: Highest Revenue | B5: =MAX('Raw Data'!$D$2:$D$10) -> 2401
A6: Lowest Revenue | B6: =MIN('Raw Data'!$D$2:$D$10) -> 70
A7: Top Product | B7: =INDEX('Raw Data'!$A$2:$A$10,MATCH(MAX('Raw Data'!$D$2:$D$10),'Raw Data'!$D$2:$D$10,0)) -> Laptop
A8: Number of Products | B8: =COUNTA('Raw Data'!$A$2:$A$10) -> 9

Sheet Audit Log
A1: Timestamp | B1: Status | C1: Task Type | D1: Message | E1: Details
A2: 2026-10-12T20:14:29 | B2: SUCCESS | C2: load_workbook | D2: Workbook 'data/input_data.xlsx' loaded.
A3: 2026-10-12T20:14:29 | B3: WARNING | C3: get_sheet | D3: Sheet 'Raw Data' not found. Creating it.
A4: 2026-10-12T20:14:29 | B4: SUCCESS | C4: copy_data | D4: Copied 30 cells from 'SalesData' to 'Raw Data'.
A5: 2026-10-12T20:14:29 | B5: SUCCESS | C5: calculate_column | D5: Column D ('Total Revenue') filled in 'Raw Data' (9 rows).
A6: 2026-10-12T20:14:29 | B6: SUCCESS | C6: calculate_column | D6: Column E ('Status') filled in 'Raw Data' (9 rows).
A7: 2026-10-12T20:14:29 | B7: SUCCESS | C7: conditional_format | D7: Conditional format 'color_scale' applied to D2:D100 in 'Raw Data'.
A8: 2026-10-12T20:14:29 | B8: SUCCESS | C8: conditional_format | D8: Conditional format 'expression' applied to E2:E100 in 'Raw Data'.
A9: 2026-10-12T20:14:29 | B9: SUCCESS | C9: data_validation | D9: Data validation (whole) applied to B2:B100 in 'Raw Data'.
A10: 2026-10-12T20:14:29 | B10: WARNING | C10: get_sheet | D10: Sheet 'Summary' not found. Creating it.
A11: 2026-10-12T20:14:29 | B11: SUCCESS | C11: summary | D11: Summary sheet 'Summary' created with 7 metrics.
A12: 2026-10-12T20:14:29 | B12: SUCCESS | C12: chart | D12: Bar chart 'Revenue by Product' added to 'Raw Data'.
A13: 2026-10-12T20:14:29 | B13: INFO | C13: run_summary | D13: Agent execution completed in 0.01 seconds.
